protocol,threads,runs,time_median,time_min,time_max,speedup,efficiency,peak_rss_median,nodes,test_accuracy,same_tree
cart_alpha_nodepth,1,1,8.047699999999999,8.047699999999999,8.047699999999999,1.0,1.0,1272999936,723,0.796508,True
cart_alpha_nodepth,2,1,4.4407,4.4407,4.4407,1.8122593284842479,0.9061296642421239,1845735424,723,0.796508,True
cart_alpha_nodepth,4,1,2.4741999999999997,2.4741999999999997,2.4741999999999997,3.2526473203459703,0.8131618300864926,1846435840,723,0.796508,True
cart_alpha_nodepth,8,1,1.5277,1.5277,1.5277,5.267853636185114,0.6584817045231393,1847562240,723,0.796508,True
cart_alpha_nodepth,12,1,1.2149,1.2149,1.2149,6.624166598073915,0.5520138831728262,1848324096,723,0.796508,True
cart_alpha_nodepth,16,1,1.0807,1.0807,1.0807,7.446747478486166,0.46542171740538535,1850355712,723,0.796508,True
cart_alpha_nodepth,20,1,1.0254,1.0254,1.0254,7.84835186268773,0.3924175931343865,1852108800,723,0.796508,True
c45,1,1,6.881600000000001,6.881600000000001,6.881600000000001,1.0,1.0,1539362816,15113,0.797388,True
c45,2,1,4.2796,4.2796,4.2796,1.608000747733433,0.8040003738667165,2120015872,15113,0.797388,True
c45,4,1,2.3498,2.3498,2.3498,2.9285896672057197,0.7321474168014299,2121293824,15113,0.797388,True
c45,8,1,1.4707999999999999,1.4707999999999999,1.4707999999999999,4.678814250747893,0.5848517813434866,2123837440,15113,0.797388,True
c45,12,1,1.2455999999999998,1.2455999999999998,1.2455999999999998,5.5247270391779075,0.4603939199314923,2125893632,15113,0.797388,True
c45,16,1,1.0747,1.0747,1.0747,6.403275332650973,0.40020470829068583,2127929344,15113,0.797388,True
c45,20,1,1.037,1.037,1.037,6.636065573770493,0.33180327868852466,2131025920,15113,0.797388,True
