run,dataset,protocol,impl,threads,status,consistent,time_median,time_min,time_max,time_mean,time_stdev,time_reps,ratio_to_tree,wall_median,peak_rss,peak_rss_min,peak_rss_max,peak_rss_above_baseline,nodes,leaves,depth,train_accuracy,test_accuracy,test_accuracy_ci95,gpu_peak
cpu-legion-susy-scaling,susy,cart_alpha_nodepth,tree,2,ok,True,4.4407,4.4407,4.4407,4.4407,,1,1.0,5.3724633080018975,1845735424,1845735424,1845735424,1837871104,723,362,19,0.7968313333333333,0.796508,0.0011159373419719744,
cpu-legion-susy-scaling,susy,c45,tree,8,ok,True,1.4707999999999999,1.4707999999999999,1.4707999999999999,1.4707999999999999,,1,1.0,1.816216916002304,2123837440,2123837440,2123837440,2115973120,15113,7557,38,0.8067311111111111,0.797388,0.0011141367474731005,
cpu-legion-susy-scaling,susy,c45,tree,4,ok,True,2.3498,2.3498,2.3498,2.3498,,1,1.0,2.8555592249977053,2121293824,2121293824,2121293824,2113429504,15113,7557,38,0.8067311111111111,0.797388,0.0011141367474731005,
cpu-legion-susy-scaling,susy,cart_alpha_nodepth,tree,16,ok,True,1.0807,1.0807,1.0807,1.0807,,1,1.0,1.308775396002602,1850355712,1850355712,1850355712,1842491392,723,362,19,0.7968313333333333,0.796508,0.0011159373419719744,
cpu-legion-susy-scaling,susy,c45,tree,12,ok,True,1.2455999999999998,1.2455999999999998,1.2455999999999998,1.2455999999999998,,1,1.0,1.5011315699994157,2125893632,2125893632,2125893632,2118029312,15113,7557,38,0.8067311111111111,0.797388,0.0011141367474731005,
cpu-legion-susy-scaling,susy,cart_alpha_nodepth,tree,4,ok,True,2.4741999999999997,2.4741999999999997,2.4741999999999997,2.4741999999999997,,1,1.0,2.953190642998379,1846435840,1846435840,1846435840,1838571520,723,362,19,0.7968313333333333,0.796508,0.0011159373419719744,
cpu-legion-susy-scaling,susy,cart_alpha_nodepth,tree,8,ok,True,1.5277,1.5277,1.5277,1.5277,,1,1.0,1.855778332999762,1847562240,1847562240,1847562240,1839697920,723,362,19,0.7968313333333333,0.796508,0.0011159373419719744,
cpu-legion-susy-scaling,susy,c45,tree,1,ok,True,6.881600000000001,6.881600000000001,6.881600000000001,6.881600000000001,,1,1.0,8.833293444000446,1539362816,1539362816,1539362816,1531498496,15113,7557,38,0.8067311111111111,0.797388,0.0011141367474731005,
cpu-legion-susy-scaling,susy,c45,tree,2,ok,True,4.2796,4.2796,4.2796,4.2796,,1,1.0,5.2582606879987,2120015872,2120015872,2120015872,2112151552,15113,7557,38,0.8067311111111111,0.797388,0.0011141367474731005,
cpu-legion-susy-scaling,susy,cart_alpha_nodepth,tree,12,ok,True,1.2149,1.2149,1.2149,1.2149,,1,1.0,1.4572479100024793,1848324096,1848324096,1848324096,1840459776,723,362,19,0.7968313333333333,0.796508,0.0011159373419719744,
cpu-legion-susy-scaling,susy,cart_alpha_nodepth,tree,1,ok,True,8.047699999999999,8.047699999999999,8.047699999999999,8.047699999999999,,1,1.0,9.893466622001142,1272999936,1272999936,1272999936,1265135616,723,362,19,0.7968313333333333,0.796508,0.0011159373419719744,
cpu-legion-susy-scaling,susy,c45,tree,16,ok,True,1.0747,1.0747,1.0747,1.0747,,1,1.0,1.2922837480000453,2127929344,2127929344,2127929344,2120065024,15113,7557,38,0.8067311111111111,0.797388,0.0011141367474731005,
cpu-legion-susy-scaling,susy,cart_alpha_nodepth,tree,20,ok,True,1.0254,1.0254,1.0254,1.0254,,1,1.0,1.2230371629993897,1852108800,1852108800,1852108800,1844244480,723,362,19,0.7968313333333333,0.796508,0.0011159373419719744,
cpu-legion-susy-scaling,susy,c45,tree,20,ok,True,1.037,1.037,1.037,1.037,,1,1.0,1.2421209059975808,2131025920,2131025920,2131025920,2123161600,15113,7557,38,0.8067311111111111,0.797388,0.0011141367474731005,
