run,dataset,protocol,impl,threads,status,time_median,time_min,time_max,time_reps,wall_median,ratio_to_tree_1,peak_rss,peak_anon,peak_rss_above_baseline,peak_anon_above_baseline,nodes,leaves,depth,test_accuracy
susy500k-20261008-v2,susy_500k,cart_alpha,tree,1,ok,0.8429,0.8429,0.8429,1,1.0082767430003514,1.0,,,,,3269,1635,30,0.79261
susy500k-20261008-v2,susy_500k,cart_alpha,tree,28,ok,0.1264,0.1264,0.1264,1,0.17403841599980296,0.14995847668762607,,,,,3269,1635,30,0.79261
susy500k-20261008-v2,susy_500k,cart_alpha,sklearn,1,ok,17.044198325000252,17.044198325000252,17.044198325000252,1,17.49697364399981,20.220902034642606,,,,,3473,1737,25,0.78942
susy500k-20261008-v2,susy_500k,cart_alpha,rpart,1,ok,9.538239479,9.538239479,9.538239479,1,9.781445755999812,11.315979925258038,,,,,2863,1432,29,0.79318
susy500k-20261008-v2,susy_500k,c45,tree,1,ok,0.6387,0.6387,0.6387,1,0.8027284179997878,1.0,,,,,3579,1790,27,0.79263
susy500k-20261008-v2,susy_500k,c45,tree,28,ok,0.1509,0.1509,0.1509,1,0.1820197819997702,0.2362611554720526,,,,,3579,1790,27,0.79263
susy500k-20261008-v2,susy_500k,c45,j48,1,ok,25.873510641,25.873510641,25.873510641,1,52.61625914099977,40.509645594175666,,,,,3635,1818,27,0.79268
susy500k-20261008-v2,susy_500k,c45,yadt,1,ok,10.313105,10.313105,10.313105,1,14.21717425099996,16.147025207452636,,,,,3533,1767,27,0.7928999999999999
susy500k-20261008-v2,susy_500k,c45,yadt,28,ok,2.9973729999999996,2.9973729999999996,2.9973729999999996,1,5.034559954000088,4.692927822138718,,,,,3533,1767,27,0.7928999999999999
