run_id,dataset,protocol,impl,threads,kind,rep,time,wall_seconds,peak_rss_bytes,user_seconds,system_seconds,train_seconds,nodes,leaves,depth,n_train_loaded,n_features_loaded,peak_rss_train_bytes,train_accuracy,test_accuracy,status,command
/home/bruno/Projects/dt/bench/results/cpu-pc-susy-scaling,susy,c45,tree,4,run,0,2026-10-09T19:33:47+02:00,3.025403132000065,1959686144,10.813428,0.359096,2.5949,15113,7557,38,4500000,18,1959686144,0.8067311111111111,0.797388,ok,"taskset -c 2,4,6,8 /home/bruno/Projects/dt/tree_cpu --parallel --threads 4 --c45 --dump /tmp/bench-i6661xof/tree.dump /home/bruno/Projects/dt/bench/data/susy/train.csv"
/home/bruno/Projects/dt/bench/results/cpu-pc-susy-scaling,susy,c45,tree,1,run,0,2026-10-09T19:33:57+02:00,9.197696151000855,1844785152,8.951398,0.231569,7.5916999999999994,15113,7557,38,4500000,18,1844785152,0.8067311111111111,0.797388,ok,taskset -c 2 /home/bruno/Projects/dt/tree_cpu --serial --c45 --dump /tmp/bench-i6661xof/tree.dump /home/bruno/Projects/dt/bench/data/susy/train.csv
/home/bruno/Projects/dt/bench/results/cpu-pc-susy-scaling,susy,cart_alpha_nodepth,tree,1,run,0,2026-10-09T19:34:10+02:00,11.58046136700068,1271980032,11.321154,0.242589,10.0575,723,362,19,4500000,18,1271980032,0.7968313333333333,0.796508,ok,taskset -c 2 /home/bruno/Projects/dt/tree_cpu --serial --cart --alpha 1e-05 --dump /tmp/bench-i6661xof/tree.dump /home/bruno/Projects/dt/bench/data/susy/train.csv
/home/bruno/Projects/dt/bench/results/cpu-pc-susy-scaling,susy,c45,tree,24,run,0,2026-10-09T19:34:13+02:00,1.6466123270001845,2509955072,25.299252,2.936313,1.491,15113,7557,38,4500000,18,2509955072,0.8067311111111111,0.797388,ok,"taskset -c 2,4,6,8,10,12,14,0,16,17,18,19,20,21,22,23,24,25,26,27,3,5,7,9 /home/bruno/Projects/dt/tree_cpu --parallel --threads 24 --c45 --dump /tmp/bench-i6661xof/tree.dump /home/bruno/Projects/dt/bench/data/susy/train.csv"
/home/bruno/Projects/dt/bench/results/cpu-pc-susy-scaling,susy,cart_alpha_nodepth,tree,4,run,0,2026-10-09T19:34:17+02:00,3.429530215998966,1385500672,12.890533,0.328712,2.9998,723,362,19,4500000,18,1385500672,0.7968313333333333,0.796508,ok,"taskset -c 2,4,6,8 /home/bruno/Projects/dt/tree_cpu --parallel --threads 4 --cart --alpha 1e-05 --dump /tmp/bench-i6661xof/tree.dump /home/bruno/Projects/dt/bench/data/susy/train.csv"
/home/bruno/Projects/dt/bench/results/cpu-pc-susy-scaling,susy,c45,tree,20,run,0,2026-10-09T19:34:20+02:00,1.6604378659976646,2494705664,22.800976,2.271433,1.4886,15113,7557,38,4500000,18,2494705664,0.8067311111111111,0.797388,ok,"taskset -c 2,4,6,8,10,12,14,0,16,17,18,19,20,21,22,23,24,25,26,27 /home/bruno/Projects/dt/tree_cpu --parallel --threads 20 --c45 --dump /tmp/bench-i6661xof/tree.dump /home/bruno/Projects/dt/bench/data/susy/train.csv"
/home/bruno/Projects/dt/bench/results/cpu-pc-susy-scaling,susy,c45,tree,2,run,0,2026-10-09T19:34:27+02:00,5.268104635997588,1883910144,9.80282,0.290516,4.4512,15113,7557,38,4500000,18,1883910144,0.8067311111111111,0.797388,ok,"taskset -c 2,4 /home/bruno/Projects/dt/tree_cpu --parallel --threads 2 --c45 --dump /tmp/bench-i6661xof/tree.dump /home/bruno/Projects/dt/bench/data/susy/train.csv"
/home/bruno/Projects/dt/bench/results/cpu-pc-susy-scaling,susy,cart_alpha_nodepth,tree,8,run,0,2026-10-09T19:34:30+02:00,2.0020536680021905,1536757760,14.131651,0.59863,1.7755999999999998,723,362,19,4500000,18,1536757760,0.7968313333333333,0.796508,ok,"taskset -c 2,4,6,8,10,12,14,0 /home/bruno/Projects/dt/tree_cpu --parallel --threads 8 --cart --alpha 1e-05 --dump /tmp/bench-i6661xof/tree.dump /home/bruno/Projects/dt/bench/data/susy/train.csv"
/home/bruno/Projects/dt/bench/results/cpu-pc-susy-scaling,susy,cart_alpha_nodepth,tree,16,run,0,2026-10-09T19:34:32+02:00,1.5378121199973975,1841446912,19.451219,1.370279,1.3564,723,362,19,4500000,18,1841446912,0.7968313333333333,0.796508,ok,"taskset -c 2,4,6,8,10,12,14,0,16,17,18,19,20,21,22,23 /home/bruno/Projects/dt/tree_cpu --parallel --threads 16 --cart --alpha 1e-05 --dump /tmp/bench-i6661xof/tree.dump /home/bruno/Projects/dt/bench/data/susy/train.csv"
/home/bruno/Projects/dt/bench/results/cpu-pc-susy-scaling,susy,c45,tree,28,run,0,2026-10-09T19:34:35+02:00,1.6669850469988887,2515615744,27.405568,3.554167,1.516,15113,7557,38,4500000,18,2515615744,0.8067311111111111,0.797388,ok,"taskset -c 2,4,6,8,10,12,14,0,16,17,18,19,20,21,22,23,24,25,26,27,3,5,7,9,11,13,15,1 /home/bruno/Projects/dt/tree_cpu --parallel --threads 28 --c45 --dump /tmp/bench-i6661xof/tree.dump /home/bruno/Projects/dt/bench/data/susy/train.csv"
/home/bruno/Projects/dt/bench/results/cpu-pc-susy-scaling,susy,c45,tree,16,run,0,2026-10-09T19:34:38+02:00,1.7309074650002003,2419499008,20.150608,1.792301,1.5408,15113,7557,38,4500000,18,2419499008,0.8067311111111111,0.797388,ok,"taskset -c 2,4,6,8,10,12,14,0,16,17,18,19,20,21,22,23 /home/bruno/Projects/dt/tree_cpu --parallel --threads 16 --c45 --dump /tmp/bench-i6661xof/tree.dump /home/bruno/Projects/dt/bench/data/susy/train.csv"
/home/bruno/Projects/dt/bench/results/cpu-pc-susy-scaling,susy,cart_alpha_nodepth,tree,20,run,0,2026-10-09T19:34:41+02:00,1.4281920959983836,1922928640,21.623987,1.698005,1.2638,723,362,19,4500000,18,1922928640,0.7968313333333333,0.796508,ok,"taskset -c 2,4,6,8,10,12,14,0,16,17,18,19,20,21,22,23,24,25,26,27 /home/bruno/Projects/dt/tree_cpu --parallel --threads 20 --cart --alpha 1e-05 --dump /tmp/bench-i6661xof/tree.dump /home/bruno/Projects/dt/bench/data/susy/train.csv"
/home/bruno/Projects/dt/bench/results/cpu-pc-susy-scaling,susy,cart_alpha_nodepth,tree,24,run,0,2026-10-09T19:34:43+02:00,1.3706164630020794,1929773056,23.777553,1.841357,1.22,723,362,19,4500000,18,1929773056,0.7968313333333333,0.796508,ok,"taskset -c 2,4,6,8,10,12,14,0,16,17,18,19,20,21,22,23,24,25,26,27,3,5,7,9 /home/bruno/Projects/dt/tree_cpu --parallel --threads 24 --cart --alpha 1e-05 --dump /tmp/bench-i6661xof/tree.dump /home/bruno/Projects/dt/bench/data/susy/train.csv"
/home/bruno/Projects/dt/bench/results/cpu-pc-susy-scaling,susy,cart_alpha_nodepth,tree,28,run,0,2026-10-09T19:34:45+02:00,1.345408488999965,1941671936,25.887403,2.263642,1.1958,723,362,19,4500000,18,1941671936,0.7968313333333333,0.796508,ok,"taskset -c 2,4,6,8,10,12,14,0,16,17,18,19,20,21,22,23,24,25,26,27,3,5,7,9,11,13,15,1 /home/bruno/Projects/dt/tree_cpu --parallel --threads 28 --cart --alpha 1e-05 --dump /tmp/bench-i6661xof/tree.dump /home/bruno/Projects/dt/bench/data/susy/train.csv"
/home/bruno/Projects/dt/bench/results/cpu-pc-susy-scaling,susy,cart_alpha_nodepth,tree,12,run,0,2026-10-09T19:34:47+02:00,1.7339648529996339,1689669632,17.329696,0.888901,1.5221,723,362,19,4500000,18,1689669632,0.7968313333333333,0.796508,ok,"taskset -c 2,4,6,8,10,12,14,0,16,17,18,19 /home/bruno/Projects/dt/tree_cpu --parallel --threads 12 --cart --alpha 1e-05 --dump /tmp/bench-i6661xof/tree.dump /home/bruno/Projects/dt/bench/data/susy/train.csv"
/home/bruno/Projects/dt/bench/results/cpu-pc-susy-scaling,susy,cart_alpha_nodepth,tree,2,run,0,2026-10-09T19:34:54+02:00,6.225286599001265,1307623424,12.006307,0.255892,5.4509,723,362,19,4500000,18,1307623424,0.7968313333333333,0.796508,ok,"taskset -c 2,4 /home/bruno/Projects/dt/tree_cpu --parallel --threads 2 --cart --alpha 1e-05 --dump /tmp/bench-i6661xof/tree.dump /home/bruno/Projects/dt/bench/data/susy/train.csv"
/home/bruno/Projects/dt/bench/results/cpu-pc-susy-scaling,susy,c45,tree,12,run,0,2026-10-09T19:34:57+02:00,1.797072143999685,2266411008,16.943478,1.123735,1.577,15113,7557,38,4500000,18,2266411008,0.8067311111111111,0.797388,ok,"taskset -c 2,4,6,8,10,12,14,0,16,17,18,19 /home/bruno/Projects/dt/tree_cpu --parallel --threads 12 --c45 --dump /tmp/bench-i6661xof/tree.dump /home/bruno/Projects/dt/bench/data/susy/train.csv"
/home/bruno/Projects/dt/bench/results/cpu-pc-susy-scaling,susy,c45,tree,8,run,0,2026-10-09T19:35:00+02:00,1.9761514159981743,2113409024,13.333051,0.672584,1.7315999999999998,15113,7557,38,4500000,18,2113409024,0.8067311111111111,0.797388,ok,"taskset -c 2,4,6,8,10,12,14,0 /home/bruno/Projects/dt/tree_cpu --parallel --threads 8 --c45 --dump /tmp/bench-i6661xof/tree.dump /home/bruno/Projects/dt/bench/data/susy/train.csv"
/home/bruno/Projects/dt/bench/results/cpu-pc-susy-scaling,_baseline,cart_full,tree,1,baseline,0,2026-10-09T19:35:02+02:00,0.0033338300017931033,7618560,0.001464,0.000733,0.0007,53,27,7,200,4,7618560,,,ok,taskset -c 2 /home/bruno/Projects/dt/tree_cpu --serial --cart --no-prune -d 30 /home/bruno/Projects/dt/bench/data/_baseline/train.csv
