run_id,dataset,protocol,impl,threads,kind,rep,time,wall_seconds,peak_rss_bytes,user_seconds,system_seconds,train_seconds,nodes,leaves,depth,n_train_loaded,n_features_loaded,train_accuracy,test_accuracy,status,peak_rss_train_bytes,command
cpu-pc-susy500k,susy_500k,c45,yadt,1,run,0,2026-10-09T17:48:15+02:00,14.389190719000908,794972160,14.182226,0.179646,10.366259,3533,1767,27,500000,18,0.80945,0.7929,ok,794972160,taskset -c 2 /home/bruno/Projects/dt/bench/.tools/yadt/dTcmd -fm /home/bruno/Projects/dt/bench/data/susy_500k/yadt.names -fd /home/bruno/Projects/dt/bench/data/susy_500k/train.yadt.csv -tt 1 -ebpg -c 0.25 -m 2 -tb /tmp/bench-wbjdc51q/yadt.tree -t /tmp/bench-wbjdc51q/yadt.txt
cpu-pc-susy500k,susy_500k,c45,tree,28,run,0,2026-10-09T17:48:17+02:00,0.1680165660000057,328908800,1.760848,0.573527,0.1371,3579,1790,27,500000,18,0.809602,0.79263,ok,328908800,"taskset -c 2,0,1,3,4,5,6,7,8,9,10,11,12,13,14,15,16,17,18,19,20,21,22,23,24,25,26,27 /home/bruno/Projects/dt/tree_cpu --parallel --threads 28 --c45 --dump /tmp/bench-wbjdc51q/tree.dump /home/bruno/Projects/dt/bench/data/susy_500k/train.csv"
cpu-pc-susy500k,susy_500k,cart_alpha,tree,28,run,0,2026-10-09T17:48:17+02:00,0.14845607999814092,259543040,2.274579,0.461401,0.1139,3269,1635,30,500000,18,0.81985,0.79261,ok,259543040,"taskset -c 2,0,1,3,4,5,6,7,8,9,10,11,12,13,14,15,16,17,18,19,20,21,22,23,24,25,26,27 /home/bruno/Projects/dt/tree_cpu --parallel --threads 28 --cart -d 30 --alpha 1e-05 --dump /tmp/bench-wbjdc51q/tree.dump /home/bruno/Projects/dt/bench/data/susy_500k/train.csv"
cpu-pc-susy500k,susy_500k,cart_alpha,rpart,1,run,0,2026-10-09T17:48:28+02:00,10.846979862002627,522334208,10.707114,0.123212,9.475184441,2863,1432,29,500000,18,0.817466,0.79318,ok,446091264,taskset -c 2 Rscript --vanilla /home/bruno/Projects/dt/bench/adapters/rpart_fit.R data=/home/bruno/Projects/dt/bench/data/susy_500k n_train=500000 n_test=100000 n_features=18 n_classes=2 threads=1 warmup=50000 eval=1 mode=alpha maxdepth=30 alpha=1e-05
cpu-pc-susy500k,susy_500k,c45,tree,1,run,0,2026-10-09T17:48:29+02:00,0.8106159369999659,212910080,0.780357,0.027911,0.6376000000000001,3579,1790,27,500000,18,0.809602,0.79263,ok,212910080,taskset -c 2 /home/bruno/Projects/dt/tree_cpu --serial --c45 --dump /tmp/bench-wbjdc51q/tree.dump /home/bruno/Projects/dt/bench/data/susy_500k/train.csv
cpu-pc-susy500k,susy_500k,cart_alpha,sklearn,1,run,0,2026-10-09T17:48:47+02:00,18.148519519003457,196730880,18.072585,0.046856,16.889030408001418,3473,1737,25,500000,18,0.813642,0.78942,ok,196730880,taskset -c 2 /home/bruno/Projects/dt/bench/.venv/bin/python /home/bruno/Projects/dt/bench/adapters/sklearn_fit.py data=/home/bruno/Projects/dt/bench/data/susy_500k n_train=500000 n_test=100000 n_features=18 n_classes=2 threads=1 warmup=50000 eval=1 mode=fit max_depth=30 ccp_alpha=1e-05
cpu-pc-susy500k,susy_500k,cart_alpha,tree,1,run,0,2026-10-09T17:48:48+02:00,1.0238956980028888,144535552,0.997477,0.02393,0.8512000000000001,3269,1635,30,500000,18,0.81985,0.79261,ok,144535552,taskset -c 2 /home/bruno/Projects/dt/tree_cpu --serial --cart -d 30 --alpha 1e-05 --dump /tmp/bench-wbjdc51q/tree.dump /home/bruno/Projects/dt/bench/data/susy_500k/train.csv
cpu-pc-susy500k,susy_500k,c45,yadt,28,run,0,2026-10-09T17:48:53+02:00,4.821007399001246,1184030720,45.344578,2.93007,2.8689729999999996,3533,1767,27,500000,18,0.80945,0.7929,ok,1184030720,"taskset -c 2,0,1,3,4,5,6,7,8,9,10,11,12,13,14,15,16,17,18,19,20,21,22,23,24,25,26,27 /home/bruno/Projects/dt/bench/.tools/yadt/dTcmd -fm /home/bruno/Projects/dt/bench/data/susy_500k/yadt.names -fd /home/bruno/Projects/dt/bench/data/susy_500k/train.yadt.csv -tt 28 -ebpg -c 0.25 -m 2 -tb /tmp/bench-wbjdc51q/yadt.tree -t /tmp/bench-wbjdc51q/yadt.txt"
cpu-pc-susy500k,susy_500k,c45,j48,1,run,0,2026-10-09T17:49:22+02:00,27.689457149997907,785780736,27.571939,0.061838,25.856264573,3635,1818,27,500000,18,0.809712,0.79268,ok,785612800,taskset -c 2 java -Xmx15g -cp /home/bruno/Projects/dt/bench/.tools/weka.jar:/home/bruno/Projects/dt/bench/.tools/bounce.jar:/home/bruno/Projects/dt/bench/.tools/classes J48Fit data=/home/bruno/Projects/dt/bench/data/susy_500k n_train=500000 n_test=100000 n_features=18 n_classes=2 threads=1 warmup=50000 eval=1 'options=-C 0.25 -M 2'
cpu-pc-susy500k,_baseline,c45,j48,1,baseline,0,2026-10-09T17:49:22+02:00,0.11330910100150504,57532416,0.099892,0.010964,0.063377311,3,2,1,200,4,,,ok,54734848,taskset -c 2 java -Xmx15g -cp /home/bruno/Projects/dt/bench/.tools/weka.jar:/home/bruno/Projects/dt/bench/.tools/bounce.jar:/home/bruno/Projects/dt/bench/.tools/classes J48Fit data=/home/bruno/Projects/dt/bench/data/_baseline n_train=200 n_test=50 n_features=4 n_classes=2 threads=1 warmup=0 eval=0 'options=-C 0.25 -M 2'
cpu-pc-susy500k,_baseline,cart_full,rpart,1,baseline,0,2026-10-09T17:49:22+02:00,0.08474986999863177,75296768,0.067728,0.015715,0.002922058,53,27,7,200,4,,,ok,74616832,taskset -c 2 Rscript --vanilla /home/bruno/Projects/dt/bench/adapters/rpart_fit.R data=/home/bruno/Projects/dt/bench/data/_baseline n_train=200 n_test=50 n_features=4 n_classes=2 threads=1 warmup=0 eval=0 mode=fit maxdepth=30
cpu-pc-susy500k,_baseline,cart_full,sklearn,1,baseline,0,2026-10-09T17:49:22+02:00,0.42706770400036476,131985408,0.402749,0.021929,0.0014002150019223336,53,27,7,200,4,,,ok,131117056,taskset -c 2 /home/bruno/Projects/dt/bench/.venv/bin/python /home/bruno/Projects/dt/bench/adapters/sklearn_fit.py data=/home/bruno/Projects/dt/bench/data/_baseline n_train=200 n_test=50 n_features=4 n_classes=2 threads=1 warmup=0 eval=0 mode=fit max_depth=30
cpu-pc-susy500k,_baseline,cart_full,tree,1,baseline,0,2026-10-09T17:49:22+02:00,0.003037683000002289,7626752,0.001044,0.001041,0.0006,53,27,7,200,4,,,ok,7626752,taskset -c 2 /home/bruno/Projects/dt/tree_cpu --serial --cart --no-prune -d 30 /home/bruno/Projects/dt/bench/data/_baseline/train.csv
cpu-pc-susy500k,_baseline,c45,yadt,1,baseline,0,2026-10-09T17:49:22+02:00,0.0018289600011485163,5677056,0.00053,0.000534,0.000151035,3,2,1,200,4,,,ok,5677056,taskset -c 2 /home/bruno/Projects/dt/bench/.tools/yadt/dTcmd -fm /home/bruno/Projects/dt/bench/data/_baseline/yadt.names -fd /home/bruno/Projects/dt/bench/data/_baseline/train.yadt.csv -tt 1 -ebpg -c 0.25 -m 2
