run,dataset,protocol,impl,threads,status,consistent,time_median,time_min,time_max,time_mean,time_stdev,time_reps,ratio_to_tree,wall_median,peak_rss,peak_rss_min,peak_rss_max,peak_rss_above_baseline,nodes,leaves,depth,train_accuracy,test_accuracy,test_accuracy_ci95
cpu-pc-susy500k,susy_500k,c45,yadt,1,ok,True,9.971093,9.971093,9.971093,9.971093,,1,15.807059289790743,13.861131972000294,795017216,795017216,795017216,789446656,3533,1767,27,0.80945,0.7929,0.0025116280794416994
cpu-pc-susy500k,susy_500k,c45,tree,28,ok,True,0.106,0.106,0.106,0.106,,1,1.0,0.14308059600080014,329134080,329134080,329134080,321511424,3579,1790,27,0.809602,0.79263,0.0025128368259737044
cpu-pc-susy500k,susy_500k,cart_alpha,tree,28,ok,True,0.1051,0.1051,0.1051,0.1051,,1,1.0,0.14348463799979072,262139904,262139904,262139904,254517248,3269,1635,30,0.81985,0.79261,0.002512926295291288
cpu-pc-susy500k,susy_500k,cart_alpha,rpart,1,ok,True,9.388198137,9.388198137,9.388198137,9.388198137,,1,11.364481463503207,10.752196600002208,446128128,446128128,446128128,370757632,2863,1432,29,0.817466,0.79318,0.0025103727714508063
cpu-pc-susy500k,susy_500k,c45,tree,1,ok,True,0.6307999999999999,0.6307999999999999,0.6307999999999999,0.6307999999999999,,1,1.0,0.8055970950008486,213655552,213655552,213655552,206032896,3579,1790,27,0.809602,0.79263,0.0025128368259737044
cpu-pc-susy500k,susy_500k,cart_alpha,sklearn,1,ok,True,16.66462236100051,16.66462236100051,16.66462236100051,16.66462236100051,,1,20.172645395231218,17.918421924998256,196644864,196644864,196644864,64323584,3473,1737,25,0.813642,0.78942,0.00252707827723195
cpu-pc-susy500k,susy_500k,cart_alpha,tree,1,ok,True,0.8261000000000001,0.8261000000000001,0.8261000000000001,0.8261000000000001,,1,1.0,1.0051327549990674,146055168,146055168,146055168,138432512,3269,1635,30,0.81985,0.79261,0.002512926295291288
cpu-pc-susy500k,susy_500k,c45,yadt,28,ok,True,2.834054,2.834054,2.834054,2.834054,,1,26.73635849056604,4.73239169199951,1179508736,1179508736,1179508736,1173938176,3533,1767,27,0.80945,0.7929,0.0025116280794416994
cpu-pc-susy500k,susy_500k,c45,j48,1,ok,True,24.71352798,24.71352798,24.71352798,24.71352798,,1,39.17807225745086,26.571420844000386,785190912,785190912,785190912,727699456,3635,1818,27,0.809712,0.79268,0.002512613111985528
